[
    {
        "param": "Failures", 
        "value": 10,
        "category": "Atraso e perda"
    },
    {
        "param": "Atraso de ida e volta (RTT - average)", 
        "value": 11,
        "category": "Atraso e perda"
    },
    {
        "param": "Atraso de ida e volta (RTT - min)", 
        "value": 12,
        "category": "Atraso e perda"
    },
    {
        "param": "Atraso de ida e volta (RTT - max)", 
        "value": 13,
        "category": "Atraso e perda"
    },
    {
        "param": "Histogram-ttl-reverse (average)", 
        "value": 16,
        "category": "Atraso e perda"
    },
    {
        "param": "Histogram-ttl-reverse (min)", 
        "value": 17,
        "category": "Atraso e perda"
    },
    {
        "param": "Histogram-ttl-reverse (max)", 
        "value": 18,
        "category": "Atraso e perda"
    },
    {
        "param": "Packet-count-lost-bidir", 
        "value": 21,
        "category": "Atraso e perda"
    },
    {
        "param": "Packet-count-sent", 
        "value": 22,
        "category": "Atraso e perda"
    },
    {
        "param": "Packet-duplicates-bidir", 
        "value": 23,
        "category": "Atraso e perda"
    },
    {
        "param": "Packet-loss-rate-bidir", 
        "value": 24,
        "category": "Atraso e perda"
    },
    {
        "param": "Packet-reorders-bidir", 
        "value": 25,
        "category": "Atraso e perda"
    },    
    {
        "param": "Failures", 
        "value": 40,
        "category": "Atraso unidirecional"
    },
    {
        "param": "Atraso unidirecional (owdelay - average)", 
        "value": 41,
        "category": "Atraso unidirecional"
    },
    {
        "param": "Atraso unidirecional (owdelay - min)", 
        "value": 42,
        "category": "Atraso unidirecional"
    },
    {
        "param": "Atraso unidirecional (owdelay - max)", 
        "value": 43,
        "category": "Atraso unidirecional"
    },
    {
        "param": "Histogram-ttl (average)", 
        "value": 46,
        "category": "Atraso unidirecional"
    },
    {
        "param": "Histogram-ttl (min)", 
        "value": 47,
        "category": "Atraso unidirecional"
    },
    {
        "param": "Histogram-ttl (max)", 
        "value": 48,
        "category": "Atraso unidirecional"
    },
    {
        "param": "Packet-count-lost", 
        "value": 51,
        "category": "Atraso unidirecional"
    },
    {
        "param": "Packet-count-sent", 
        "value": 52,
        "category": "Atraso unidirecional"
    },
    {
        "param": "Packet-duplicates", 
        "value": 53,
        "category": "Atraso unidirecional"
    },
    {
        "param": "Packet-loss-rate", 
        "value": 54,
        "category": "Atraso unidirecional"
    },
    {
        "param": "Packet-reorders", 
        "value": 55,
        "category": "Atraso unidirecional"
    },    
    {
        "param": "Failures", 
        "value": 70,
        "category": "BANDA (BBR)"
    },
    {
        "param": "Packet-retransmits", 
        "value": 71,
        "category": "BANDA (BBR)"
    },
    {
        "param": "Packet-retransmits-subintervals (average)", 
        "value": 72,
        "category": "BANDA (BBR)"
    },
    {
        "param": "Packet-retransmits-subintervals (min)", 
        "value": 73,
        "category": "BANDA (BBR)"
    },
    {
        "param": "Packet-retransmits-subintervals (max)", 
        "value": 74,
        "category": "BANDA (BBR)"
    },
    {
        "param": "Throughput (BBR)", 
        "value": 77,
        "category": "BANDA (BBR)"
    },
    {
        "param": "Throughput-subintervals (average)", 
        "value": 78,
        "category": "BANDA (BBR)"
    },
    {
        "param": "Throughput-subintervals (min)", 
        "value": 79,
        "category": "BANDA (BBR)"
    },
    {
        "param": "Throughput-subintervals (max)", 
        "value": 80,
        "category": "BANDA (BBR)"
    },    
    {
        "param": "Failures", 
        "value": 100,
        "category": "BANDA (CUBIC)"
    },
    {
        "param": "Packet-retransmits", 
        "value": 101,
        "category": "BANDA (CUBIC)"
    },
    {
        "param": "Packet-retransmits-subintervals (average)", 
        "value": 102,
        "category": "BANDA (CUBIC)"
    },
    {
        "param": "Packet-retransmits-subintervals (min)", 
        "value": 103,
        "category": "BANDA (CUBIC)"
    },
    {
        "param": "Packet-retransmits-subintervals (max)", 
        "value": 104,
        "category": "BANDA (CUBIC)"
    },
    {
        "param": "Throughput (BBR)", 
        "value": 107,
        "category": "BANDA (CUBIC)"
    },
    {
        "param": "Throughput-subintervals (average)", 
        "value": 108,
        "category": "BANDA (CUBIC)"
    },
    {
        "param": "Throughput-subintervals (min)", 
        "value": 109,
        "category": "BANDA (CUBIC)"
    },
    {
        "param": "Throughput-subintervals (max)", 
        "value": 110,
        "category": "BANDA (CUBIC)"
    },
    {
        "param": "Throughput (BBR)", 
        "value": 130,
        "category": "TraceRoute"
    },
    {
        "param": "Throughput-subintervals (average)", 
        "value": 131,
        "category": "TraceRoute"
    },
    {
        "param": "Throughput-subintervals (min)", 
        "value": 132,
        "category": "TraceRoute"
    },
    {
        "param": "Throughput-subintervals (max)", 
        "value": 133,
        "category": "TraceRoute"
    }
]
